noise,sigma_rms,H,rank,alpha,J,J_se,cross_probability,control_effort,Wminus,Wminus_ess,deleted_rank,Wplus,Wplus_ess,H4_oracle,H4_ess,lambda_max,virtual_rank,inflation_trace,inflation_fraction_trace,inflation_fro,inflation_fraction_fro,gap_minus,gap_plus,gap_H4,bound_improvement,plus_shared_cross,plus_logweight_std
activity_scaled,0.05,H0,1,0.0025,0.06399739556413069,0.0003788425510701838,0.0,9.907564076212223e-05,0.05762411820469659,0.8504875014266747,38,0.13851128871485674,0.005091894851478963,0.03806589802340251,0.004658189111391494,0.0014467284567441158,38,62.393434853300136,0.9258087970900454,14.97970417019246,0.9485547011120896,0.006373277359434097,-0.07451389315072605,0.025931497540728175,0.08088717051016014,0.0,10.311373821657291
activity_scaled,0.05,H1,1,0.0025,0.06411079420022894,0.0003794135023657289,0.0,1.7485750198588922e-05,0.05767886080375291,0.9713303966112221,38,0.07285535791130711,0.004403888618708924,0.03806589802340251,0.004658189111391494,0.0005674200964147692,38,166.83036099012267,0.9709015335171913,39.35277702313262,0.9773547277385771,0.006431933396476033,-0.008744563711078165,0.026044896176826433,0.015176497107554199,0.0,9.083650034428224
activity_scaled,0.05,H2,3,0.01,0.060971815223460304,0.0003525098174899959,0.0,0.003399604752860657,0.054605782365544794,0.7245709880648542,38,0.05882496464823392,0.003947843450481731,0.03806589802340251,0.004658189111391494,0.0003803870924409653,38,241.31784552503356,0.9414789088552362,56.68234438343375,0.9437255132716558,0.00636603285791551,0.002146850575226386,0.022905917200057795,0.004219182282689124,0.0,8.134900790907366
activity_scaled,0.05,H3,10,0.01,0.05992934050946601,0.0003451410370676575,0.0,0.004106482067393694,0.05367165349759566,0.5511043837943326,38,0.03806589802340251,0.004658189111391494,0.03806589802340251,0.004658189111391494,0.00012271779476268519,38,744.5058024270073,0.9370677975575973,174.3512983960731,0.9364936747444349,0.00625768701187035,0.0218634424860635,0.0218634424860635,-0.015605755474193149,0.0,4.854962515762585
activity_scaled,0.1,H0,1,0.0025,0.0830147195548299,0.0007191596043870001,0.007142857142857143,0.00010655307805976256,0.05816322284359318,0.9610648759436882,38,0.1749486647622962,0.005506499312159915,0.05306811615049193,0.015051450422275587,0.005786913826976463,38,62.393434853300136,0.9258087970900454,14.97970417019246,0.9485547011120896,0.024851496711236723,-0.0919339452074663,0.029946603404337975,0.11678544191870302,0.0,5.882292675800068
activity_scaled,0.1,H1,1,0.0025,0.08313847604795177,0.0007205314953593964,0.007142857142857143,2.1539676423570132e-05,0.05778964187485521,0.991405020582951,38,0.09664010550516985,0.0060692732480487665,0.05306811615049193,0.015051450422275587,0.0022696803856590768,38,166.83036099012267,0.9709015335171913,39.35277702313262,0.9773547277385771,0.02534883417309656,-0.013501629457218084,0.03007035989745984,0.03885046363031464,0.0,5.262508381664355
activity_scaled,0.1,H2,3,0.01,0.08003512358708274,0.0006695168141523644,0.0,0.0035554253712726455,0.05500596704120458,0.9233360712374852,38,0.07989587435419186,0.007329706887236985,0.05306811615049193,0.015051450422275587,0.0015215483697638612,38,241.31784552503356,0.9414789088552362,56.68234438343375,0.9437255132716558,0.025029156545878166,0.0001392492328908812,0.026967007436590813,0.024889907312987285,0.0,4.804011928049364
activity_scaled,0.1,H3,10,0.01,0.07878302067429047,0.0006556227335497787,0.0,0.004396552537986785,0.054136971385620666,0.8608683809192545,38,0.05306811615049193,0.015051450422275587,0.05306811615049193,0.015051450422275587,0.0004908711790507407,38,744.5058024270073,0.9370677975575973,174.3512983960731,0.9364936747444349,0.0246460492886698,0.025714904523798536,0.025714904523798536,-0.0010688552351287364,0.0,3.754309331516566
activity_scaled,0.2,H0,1,0.0025,0.16118577942286388,0.0016514650502614013,0.17142857142857143,0.0001387617385324346,0.06081819071980794,0.9868864306218306,38,0.2686480311224159,0.006470364377766529,0.11309286978560039,0.015821359124671395,0.023147655307905853,38,62.393434853300136,0.9258087970900454,14.97970417019246,0.9485547011120896,0.10036758870305595,-0.10746225169955204,0.048092909637263495,0.207829840402608,0.0,4.467576781565658
activity_scaled,0.2,H1,1,0.0025,0.16135820935506193,0.0016536724653958266,0.17142857142857143,3.727980429971831e-05,0.05823221972767461,0.9967780132567577,38,0.17214709977842904,0.005527823549785475,0.11309286978560039,0.015821359124671395,0.009078721542636307,38,166.83036099012267,0.9709015335171913,39.35277702313262,0.9773547277385771,0.10312598962738731,-0.010788890423367115,0.04826533956946154,0.11391488005075442,0.0,4.035923365570569
activity_scaled,0.2,H2,3,0.01,0.1580907863595297,0.0015773301885470725,0.1357142857142857,0.0041724451633736535,0.05640568269890624,0.963596237580188,38,0.15045410841630283,0.00468731001995808,0.11309286978560039,0.015821359124671395,0.006086193479055445,38,241.31784552503356,0.9414789088552362,56.68234438343375,0.9437255132716558,0.10168510366062346,0.007636677943226866,0.044997916573929306,0.09404842571739659,0.0,3.725068473881126
activity_scaled,0.2,H3,10,0.01,0.15594642226318203,0.0015373766967513671,0.11428571428571428,0.005598316743301522,0.05610680465001434,0.9271942129842938,38,0.11309286978560039,0.015821359124671395,0.11309286978560039,0.015821359124671395,0.001963484716202963,38,744.5058024270073,0.9370677975575973,174.3512983960731,0.9364936747444349,0.0998396176131677,0.042853552477581644,0.042853552477581644,0.05698606513558605,0.0,3.1937022983706527
activity_scaled,0.3,H0,1,0.0025,0.2914261469054517,0.0033609276657707216,0.55,0.0001798158045599215,0.06417503762741598,0.9928741063886474,38,0.4540343029357782,0.0037409371555436255,0.21126488869768875,0.005595158073998067,0.05208222444278816,38,62.39343485330012,0.9258087970900454,14.979704170192461,0.9485547011120897,0.2272511092780357,-0.16260815603032647,0.08016125820776296,0.3898592653083622,0.0475,4.123739255773186
activity_scaled,0.3,H1,1,0.0025,0.2916112182938305,0.00336258341925077,0.55,6.647849776330643e-05,0.05903194616959815,0.9974305331544595,38,0.29482630934963894,0.003282940446253471,0.21126488869768875,0.005595158073998067,0.02042712347093169,38,166.83036099012264,0.9709015335171913,39.35277702313261,0.9773547277385771,0.23257927212423238,-0.0032150910558084167,0.08034632959614177,0.2357943631800408,0.0475,3.7813072096635096
activity_scaled,0.3,H2,3,0.01,0.28841361418222006,0.003234239095886604,0.5214285714285715,0.005395454797595559,0.05879895430042078,0.9773467752907022,38,0.2604202097764743,0.003184821937395338,0.21126488869768875,0.005595158073998067,0.013693935327874752,38,241.3178455250335,0.9414789088552362,56.68234438343374,0.9437255132716558,0.22961465988179927,0.02799340440574577,0.0771487254845313,0.2016212554760535,0.0475,3.541439997067678
activity_scaled,0.3,H3,10,0.01,0.28481400338521495,0.0031652008444886448,0.5,0.0077460456722158715,0.05937506064952568,0.9782932638000197,38,0.21126488869768875,0.005595158073998067,0.21126488869768875,0.005595158073998067,0.004417840611456667,38,744.5058024270073,0.9370677975575973,174.35129839607308,0.9364936747444349,0.22543894273568926,0.0735491146875262,0.0735491146875262,0.1518898280481631,0.0475,3.2329020496748844
