noise,sigma_rms,H,rank,J,J_se,cross_probability,Wminus,Wplus,H4_oracle,lambda_max,virtual_rank,inflation_trace,inflation_fraction_trace,inflation_fro,inflation_fraction_fro,whitened_deficit_trace,whitened_deficit_fro,Wplus_ess,gap_minus,gap_plus,gap_H4,bound_improvement
homogeneous,0.05,H0,1,0.06710116077660976,nan,nan,0.05748545288789803,0.0590502436062935,0.0590502436062935,0.0005,38,190.00000000000003,0.9743589743589743,30.822070014844886,0.9870962335856491,38.0,6.164414002968976,0.10098338619144245,0.009615707888711723,0.008050917170316259,0.008050917170316259,0.0015647907183954646
homogeneous,0.05,H1,1,0.06721329032538668,nan,nan,0.0576861908502615,0.0590502436062935,0.0590502436062935,0.0004999999999999999,38,190.00000000000006,0.9743589743589743,30.822070014844897,0.9870962335856491,37.99999999999999,6.164414002968976,0.10098338619144245,0.009527099475125186,0.008163046719093188,0.008163046719093188,0.0013640527560319984
homogeneous,0.05,H2,3,0.0640366317039431,nan,nan,0.05461323463183966,0.0590502436062935,0.0590502436062935,0.0004999999999999997,36,180.0000000000002,0.9230769230769235,30.000000000000025,0.9607689228305226,36.0,6.0,0.10098338619144245,0.009423397072103434,0.004986388097649598,0.004986388097649598,0.004437008974453836
homogeneous,0.05,H3,10,0.06304510727334559,nan,nan,0.05413138265774125,0.0590502436062935,0.0590502436062935,0.0005,29,145.00000000000003,0.7435897435897436,26.925824035672523,0.8623164985025763,29.0,5.385164807134504,0.10098338619144245,0.008913724615604336,0.0039948636670520885,0.0039948636670520885,0.004918860948552248
homogeneous,0.1,H0,1,0.09572870193412829,nan,nan,0.057697678479027674,0.08464734576582213,0.08464734576582213,0.002,38,190.00000000000003,0.9743589743589743,30.822070014844886,0.9870962335856491,38.0,6.164414002968976,0.2510557070683586,0.038031023455100614,0.011081356168306161,0.011081356168306161,0.026949667286794453
homogeneous,0.1,H1,1,0.09584403873034926,nan,nan,0.05778127160029497,0.08464734576582213,0.08464734576582213,0.0019999999999999996,38,190.00000000000006,0.9743589743589743,30.822070014844897,0.9870962335856491,37.99999999999999,6.164414002968976,0.2510557070683586,0.03806276713005429,0.011196692964527133,0.011196692964527133,0.026866074165527158
homogeneous,0.1,H2,3,0.0927013693311533,nan,nan,0.055107398542212395,0.08464734576582213,0.08464734576582213,0.0019999999999999987,36,180.0000000000002,0.9230769230769235,30.000000000000025,0.9607689228305226,36.0,6.0,0.2510557070683586,0.03759397078894091,0.008054023565331178,0.008054023565331178,0.029539947223609732
homogeneous,0.1,H3,10,0.0915581849442513,nan,nan,0.056188966353778215,0.08464734576582213,0.08464734576582213,0.002,29,145.00000000000003,0.7435897435897436,26.925824035672523,0.8623164985025763,29.0,5.385164807134504,0.2510557070683586,0.03536921859047309,0.006910839178429176,0.006910839178429176,0.028458379412043912
homogeneous,0.2,H0,1,0.20985006250901994,nan,nan,0.058549736041662914,0.18739078322510958,0.18739078322510958,0.008,38,190.00000000000003,0.9743589743589743,30.822070014844886,0.9870962335856491,38.0,6.164414002968976,0.3614666903919934,0.15130032646735703,0.022459279283910366,0.022459279283910366,0.12884104718344666
homogeneous,0.2,H1,1,0.20996896312860325,nan,nan,0.058207108354840775,0.18739078322510958,0.18739078322510958,0.007999999999999998,38,190.00000000000006,0.9743589743589743,30.822070014844897,0.9870962335856491,37.99999999999999,6.164414002968976,0.3614666903919934,0.15176185477376247,0.022578179903493673,0.022578179903493673,0.1291836748702688
homogeneous,0.2,H2,3,0.20676934870890704,nan,nan,0.05714747072373983,0.18739078322510958,0.18739078322510958,0.007999999999999995,36,180.0000000000002,0.9230769230769235,30.000000000000025,0.9607689228305226,36.0,6.0,0.3614666903919934,0.1496218779851672,0.01937856548379746,0.01937856548379746,0.13024331250136975
homogeneous,0.2,H3,10,0.20517053186325693,nan,nan,0.06426223024467811,0.18739078322510958,0.18739078322510958,0.008,29,145.00000000000003,0.7435897435897436,26.925824035672523,0.8623164985025763,29.0,5.385164807134504,0.3614666903919934,0.1409083016185788,0.017779748638147352,0.017779748638147352,0.12312855298043146
homogeneous,0.3,H0,1,0.3953698824903767,nan,nan,0.06040251476046517,0.3588035503334406,0.3588035503334406,0.018,38,190.0,0.9743589743589743,30.822070014844883,0.9870962335856491,38.0,6.164414002968976,0.3615593510466418,0.33496736772991154,0.03656633215693611,0.03656633215693611,0.2984010355729754
homogeneous,0.3,H1,1,0.39549837109557057,nan,nan,0.0589285780039433,0.3588035503334406,0.3588035503334406,0.01799999999999999,38,190.00000000000006,0.9743589743589743,30.822070014844897,0.9870962335856491,37.99999999999999,6.164414002968976,0.3615593510466418,0.33656979309162727,0.03669482076212999,0.03669482076212999,0.2998749723294973
homogeneous,0.3,H2,3,0.3924725541399571,nan,nan,0.06051298108513104,0.3588035503334406,0.3588035503334406,0.01799999999999999,36,180.00000000000003,0.9230769230769229,30.00000000000001,0.9607689228305227,36.0,6.0,0.3615593510466418,0.33195957305482604,0.033669003806516495,0.033669003806516495,0.29829056924830955
homogeneous,0.3,H3,10,0.3901186694073035,nan,nan,0.0774158454183972,0.3588035503334406,0.3588035503334406,0.018,29,145.0,0.7435897435897436,26.92582403567252,0.8623164985025763,29.0,5.385164807134504,0.3615593510466418,0.3127028239889063,0.03131511907386292,0.03131511907386292,0.2813877049150434
activity_scaled,0.05,H0,1,0.06399739556413069,0.0003788425510701838,0.0,0.05762411820469659,0.059460247400713005,0.039440883520281925,0.0014467284567441158,38,62.393434853300136,0.9258087970900454,14.97970417019246,0.9485547011120896,38.0,6.164414002968976,0.5745011920669638,0.006373277359434097,0.00453714816341768,0.02455651204384876,0.0018361291960164172
activity_scaled,0.05,H1,1,0.06411079420022894,0.0003794135023657289,0.0,0.05767886080375291,0.053672794058581885,0.039440883520281925,0.0005674200964147692,38,166.83036099012267,0.9709015335171913,39.35277702313262,0.9773547277385771,37.99999999999999,6.164414002968976,0.02932683488847731,0.006431933396476033,0.010438000141647058,0.02466991067994702,-0.004006066745171025
activity_scaled,0.05,H2,3,0.060971815223460304,0.0003525098174899959,0.0,0.054605782365544794,0.05115489673720562,0.039440883520281925,0.0003803870924409653,38,241.31784552503356,0.9414789088552362,56.68234438343375,0.9437255132716558,37.3851562173007,6.079744080149949,0.004963841669291071,0.00636603285791551,0.009816918486254683,0.02153093170317838,-0.003450885628339173
activity_scaled,0.05,H3,10,0.05992934050946601,0.0003451410370676575,0.0,0.05367165349759566,0.039440883520281925,0.039440883520281925,0.00012271779476268519,38,744.5058024270073,0.9370677975575973,174.3512983960731,0.9364936747444349,36.8372673872837,5.991619585683529,0.0014292062530572801,0.00625768701187035,0.020488456989184084,0.020488456989184084,-0.014230769977313734
activity_scaled,0.1,H0,1,0.0830147195548299,0.0007191596043870001,0.007142857142857143,0.05816322284359318,0.07846160214115662,0.05318268128005419,0.005786913826976463,38,62.393434853300136,0.9258087970900454,14.97970417019246,0.9485547011120896,38.0,6.164414002968976,0.8140477276155571,0.024851496711236723,0.0045531174136732855,0.029832038274775714,0.020298379297563438
activity_scaled,0.1,H1,1,0.08313847604795177,0.0007205314953593964,0.007142857142857143,0.05778964187485521,0.0720727414561491,0.05318268128005419,0.0022696803856590768,38,166.83036099012267,0.9709015335171913,39.35277702313262,0.9773547277385771,37.99999999999999,6.164414002968976,0.3341834172590871,0.02534883417309656,0.01106573459180267,0.02995579476789758,0.014283099581293889
activity_scaled,0.1,H2,3,0.08003512358708274,0.0006695168141523644,0.0,0.05500596704120458,0.06881530803690536,0.05318268128005419,0.0015215483697638612,38,241.31784552503356,0.9414789088552362,56.68234438343375,0.9437255132716558,37.3851562173007,6.079744080149949,0.038937082809509756,0.025029156545878166,0.011219815550177384,0.026852442307028553,0.013809340995700782
activity_scaled,0.1,H3,10,0.07878302067429047,0.0006556227335497787,0.0,0.054136971385620666,0.05318268128005419,0.05318268128005419,0.0004908711790507407,38,744.5058024270073,0.9370677975575973,174.3512983960731,0.9364936747444349,36.8372673872837,5.991619585683529,0.0023160476754712275,0.0246460492886698,0.025600339394236275,0.025600339394236275,-0.0009542901055664757
activity_scaled,0.2,H0,1,0.16118577942286388,0.0016514650502614013,0.17142857142857143,0.06081819071980794,0.155391054157089,0.1131509279151211,0.023147655307905853,38,62.393434853300136,0.9258087970900454,14.97970417019246,0.9485547011120896,38.0,6.164414002968976,0.8257318054024566,0.10036758870305595,0.005794725265774875,0.04803485150774278,0.09457286343728108
activity_scaled,0.2,H1,1,0.16135820935506193,0.0016536724653958266,0.17142857142857143,0.05823221972767461,0.14494319120127552,0.1131509279151211,0.009078721542636307,38,166.83036099012267,0.9709015335171913,39.35277702313262,0.9773547277385771,37.99999999999999,6.164414002968976,0.1639228512304148,0.10312598962738731,0.016415018153786404,0.048207281439940824,0.0867109714736009
activity_scaled,0.2,H2,3,0.1580907863595297,0.0015773301885470725,0.1357142857142857,0.05640568269890624,0.1379097004005237,0.1131509279151211,0.006086193479055445,38,241.31784552503356,0.9414789088552362,56.68234438343375,0.9437255132716558,37.3851562173007,6.079744080149949,0.13488532181390517,0.10168510366062346,0.020181085959006,0.04493985844440859,0.08150401770161746
activity_scaled,0.2,H3,10,0.15594642226318203,0.0015373766967513671,0.11428571428571428,0.05610680465001434,0.1131509279151211,0.1131509279151211,0.001963484716202963,38,744.5058024270073,0.9370677975575973,174.3512983960731,0.9364936747444349,36.8372673872837,5.991619585683529,0.01028174912904058,0.0998396176131677,0.04279549434806093,0.04279549434806093,0.057044123265106765
activity_scaled,0.3,H0,1,0.2914261469054517,0.0033609276657707216,0.55,0.06417503762741598,0.28169885607443546,0.21153007600295393,0.05208222444278816,38,62.39343485330012,0.9258087970900454,14.979704170192461,0.9485547011120897,38.0,6.164414002968976,0.8201898568240961,0.2272511092780357,0.009727290831016255,0.07989607090249778,0.21752381844701946
activity_scaled,0.3,H1,1,0.2916112182938305,0.00336258341925077,0.55,0.05903194616959815,0.26468092387980335,0.21153007600295393,0.02042712347093169,38,166.83036099012264,0.9709015335171913,39.35277702313261,0.9773547277385771,37.99999999999999,6.164414002968976,0.20032202005599425,0.23257927212423238,0.026930294414027167,0.0800811422908766,0.2056489777102052
activity_scaled,0.3,H2,3,0.28841361418222006,0.003234239095886604,0.5214285714285715,0.05879895430042078,0.2542761002601527,0.21153007600295393,0.013693935327874752,38,241.3178455250335,0.9414789088552362,56.68234438343374,0.9437255132716558,37.3851562173007,6.079744080149949,0.09635191210466634,0.22961465988179927,0.034137513922067375,0.07688353817926613,0.1954771459597319
activity_scaled,0.3,H3,10,0.28481400338521495,0.0031652008444886448,0.5,0.05937506064952568,0.21153007600295393,0.21153007600295393,0.004417840611456667,38,744.5058024270073,0.9370677975575973,174.35129839607308,0.9364936747444349,36.8372673872837,5.991619585683528,0.020666079089310646,0.22543894273568926,0.07328392738226103,0.07328392738226103,0.15215501535342824
