time,max_edge_angle_deg,max_abs_frequency
0.0,46.17,0.0
0.02,46.19041683151678,0.09234944308911995
0.04,46.25130563415712,0.1820669082032443
0.06,46.35207420256394,0.2689655694583711
0.08,46.49206537935791,0.35287138797686973
0.1,46.670558728840916,0.4336232771614405
0.12,46.88677230895062,0.5110732270038134
0.14,47.139864537558694,0.5850863881271053
0.16,47.428936149070125,0.6555411163569822
0.18,47.75303223715416,0.7223289787082796
0.2,48.111144379318404,0.785354721760375
0.22,48.50221283892798,0.844536203476267
0.24,48.92512884016962,0.8998042895968899
0.26,49.37873691136815,0.951102715813586
0.28,49.86183729197881,0.9983879169878221
0.3,50.373188398503714,1.0416288247480885
0.32,50.91150934451491,1.0808066348494505
0.34,51.47548250990933,1.1159145457313957
0.36,52.063756154473026,1.146957469754436
0.38,52.674947070793124,1.17395171863539
0.4,53.30764327152631,1.1969246646354155
0.42,53.960406706011284,1.2159143790837315
0.44,54.63177600120168,1.230969249843596
0.46,55.32026922189221,1.2421475793455803
0.48,56.024386645217476,1.2495171648265746
0.5,56.742613544417345,1.2531548624213549
0.52,57.47342297688661,1.2531461367570682
0.54,58.21527857155853,1.2495845976997275
0.56,58.96663731071266,1.2425715258959256
0.58,59.725952301346425,1.2322153887425575
0.6,60.491675531306484,1.2186313484025946
0.62,61.26226060544191,1.2019407634659574
0.64,62.03616545711357,1.1822706858315293
0.66,62.8118550304747,1.1597533543594443
0.68,63.58780392902637,1.134525686812186
0.7000000000000001,64.36249902604604,1.1067287715689094
0.72,65.13444203259016,1.0765073605599467
0.74,65.90215201888093,1.0440093648278583
0.76,66.66416788500243,1.0093853540778575
0.78,67.41905077695374,0.9727880615341324
0.8,68.16538644423407,0.9343718953697827
0.8200000000000001,68.9017875352688,0.8942924579268833
0.84,69.62689582712413,0.8527060738899067
0.86,70.33938438610244,0.8097693285204793
0.88,71.03795965595916,0.765638617004486
0.9,71.7213634706358,0.7204697059040649
0.92,72.38837498856184,0.6744173076472266
0.9400000000000001,73.03781254573916,0.6276346689269423
0.96,73.66853542498916,0.5802731738197197
0.98,74.27944553891055,0.5324819623711697
1.0,74.8694890242678,0.4844075653330301
1.02,75.43765774570517,0.43619355567274076
1.04,75.98299070685634,0.3879802174131847
1.06,76.50457536710027,0.3399042322967501
1.08,77.00154886239271,0.2920983847046541
1.1,77.47309912878518,0.24469128519965025
1.12,77.91846592742571,0.19780711299798742
1.1400000000000001,78.33694177001898,0.15156537761497269
1.16,78.72787274390689,0.10608069986785292
1.18,79.09065923611513,0.061462612360130904
1.2,79.42475655589308,0.017815379513017593
1.22,79.72967545545943,0.024762162847398714
1.24,80.00498254884477,0.0661767483943388
1.26,80.25030062890627,0.10634080179705986
1.28,80.46530888276538,0.14517254096373494
1.3,80.6497430060989,0.18259606023474445
1.32,80.80339521688731,0.21854139477940787
1.34,80.92611416939769,0.2529445664959847
1.36,81.0178047693471,0.2857476117595207
1.3800000000000001,81.07842789136063,0.31689859140474036
1.4000000000000001,81.108,0.34635158337161687
1.42,81.10659267579969,0.3740666584794319
1.44,81.07433204790304,0.4000098398310205
1.46,81.01139813504312,0.4241530463824275
1.48,80.91802409676045,0.4464740212443711
1.5,80.79449539689313,0.46695624531065283
1.52,80.64114888151359,0.48558883683498577
1.54,80.4583717736192,0.502366437601605
1.56,80.24660058701275,0.5172890863564672
1.58,80.0063199619319,0.5303620801848544
1.6,79.73806142510387,0.5415958245377747
1.62,79.44240207701455,0.5510056726237044
1.6400000000000001,79.11996320928567,0.5586117548939794
1.6600000000000001,78.77140885515585,0.5644387993595456
1.68,78.39744427615369,0.5685159434838282
1.7,77.99881438814018,0.5708765384012637
1.72,77.57630212997847,0.5715579462135499
1.74,77.13072677816504,0.570601331115999
1.76,76.6629422108239,0.5680514451045617
1.78,76.17383512452919,0.5639564090101958
1.8,75.66432320747548,0.5583674896013261
1.82,75.13535327256523,0.5513388734872984
1.84,74.58789935402442,0.5429274385459713
1.86,74.0229607711933,0.533192523587063
1.8800000000000001,73.44156016316757,0.5221956969496022
1.9000000000000001,72.84474149798791,0.5100005247169361
1.92,72.23356806009113,0.4966723392162848
1.94,71.60912041974412,0.48227800845191604
1.96,70.97249438818562,0.4668857071017013
1.98,70.32479896219427,0.4505646896862199
2.0,69.66715426179206,0.4333850664977873
2.02,69.00068946477417,0.4154175828538817
2.04,68.32654074173223,0.3967334022155266
2.06,67.64584919520843,0.3774038936863623
2.08,66.95975880658104,0.3575004243824779
2.1,66.2694143942403,0.33709415713668656
2.12,65.57595958656472,0.31625585397390776
2.14,64.88053481315399,0.2950556857667413
2.16,64.18427531771513,0.2735630484523086
2.18,63.4883091959334,0.25184638616303684
2.2,62.793755461587786,0.22997302159542704
2.22,62.101722144097074,0.20800899391198693
2.24,61.413304420599715,0.18601890444259822
2.2600000000000002,60.72958278558626,0.16406577042261572
2.2800000000000002,60.051621261012585,0.14221088697614462
2.3000000000000003,59.38046564972737,0.12051369752418996
2.32,58.7171418349483,0.09903167276889709
2.34,58.06265412841841,0.07782019837688142
2.36,57.4179836697677,0.05693247145685052
2.38,56.78408687949392,0.03641940589931953
2.4,56.16189396786329,0.016329546619366773
2.42,55.552307501914754,0.003291007282912596
2.44,54.956201032631476,0.022398670455274692
2.46,54.37441778422088,0.040952430355485146
2.48,53.80776940731935,0.05891389750298561
2.5,53.25703479781085,0.07624734700370044
2.52,52.72295898281918,0.09291975145423269
2.54,52.20625207530283,0.10890080535339365
2.56,51.70758829854962,0.1241629411698252
2.58,51.22760508173338,0.13868133723429504
2.6,50.76690222756197,0.1524339176441156
2.62,50.326041152909426,0.16540134438495735
2.64,49.905544203189734,0.17756700189214125
2.66,49.50589404109361,0.18891697428921658
2.68,49.12753311017352,0.1994400155563025
2.7,48.770863173626346,0.2091275128942267
2.72,48.436244928487795,0.2179734435629678
2.74,48.12399769531792,0.22597432548425514
2.7600000000000002,47.83439918332327,0.2331291619084285
2.7800000000000002,47.56768533072883,0.2394393804547786
2.8000000000000003,47.32405022008164,0.24490876684261664
2.82,47.10364606803817,0.2495433936372211
2.84,46.90658328906003,0.25335154434063634
2.86,46.732930632316915,0.25634363316201636
2.88,46.582715390971764,0.2585321208058766
2.9,46.45592368290257,0.25993142661921737
2.92,46.352500801796516,0.2605578374400558
2.94,46.272351637436564,0.26042941349046755
2.96,46.215341163888155,0.25956589165680993
2.98,46.18129499418415,0.2579885864984141
3.0,46.17,0.2557202893237139
3.02,46.18120499470858,0.25278516566955933
3.04,46.214621478105435,0.24920865151537344
3.06,46.26992444099963,0.2450173485588853
3.08,46.346753227774656,0.24023891887444837
3.1,46.44471245493633,0.23490197926846487
3.12,46.56337298358208,0.2290359956392223
3.14,46.702272943647166,0.22267117764055047
3.16,46.86091880770909,0.21583837394016236
3.18,47.03878651206216,0.20856896835438568
3.2,47.23532262270845,0.20089477713128612
3.22,47.44994554385157,0.19284794764393734
3.24,47.682046766423326,0.1844608587448847
3.2600000000000002,47.93099215412325,0.1757660230216871
3.2800000000000002,48.19612326440383,0.16679599118188654
3.3000000000000003,48.47675870179425,0.157583258783846
3.3200000000000003,48.77219550091834,0.14816017551769756
3.34,49.081710536531574,0.13855885722816375
3.36,49.404561957875565,0.12881110085832662
3.38,49.73999064462702,0.1189483024805405
3.4,50.08722168170188,0.10900137856765438
3.42,50.44546585016392,0.09900069064461112
3.44,50.813921131480654,0.0889759734472952
3.46,51.19177422236748,0.07895626670230983
3.48,51.578202057464935,0.06896985062817232
3.5,51.97237333710154,0.05904418524529714
3.52,52.37345005740794,0.049205853569083434
3.54,52.780589040065344,0.03948050874751563
3.56,53.192943458994094,0.02989282519191666
3.58,53.609664361314515,0.020466453736935206
3.6,54.02990217994409,0.011223980853486418
3.62,54.452808235229995,0.0021868919262744875
3.64,54.877536223057035,0.006624461404305992
3.66,55.30324368691442,0.015190889847600305
3.68,55.72909347145392,0.023494391038367025
3.7,56.15425515512331,0.031518170116435124
3.72,56.577906459516136,0.03924665635455734
3.74,56.99923463313809,0.04666551588873198
3.7600000000000002,57.41743780735385,0.053761660614933274
3.7800000000000002,57.831726322345034,0.06052325332541103
3.8000000000000003,58.24132402098047,0.06693970916651176
3.8200000000000003,58.64546950857268,0.07300169350829076
3.84,59.04341737657113,0.07870111632405036
3.86,59.434439388322296,0.0840311231853108
3.88,59.81782562510718,0.08898608298461036
3.9,60.19288559075277,0.09356157250492494
3.92,60.5589492731993,0.09775435796038667
3.94,60.915368161494726,0.1015623736383736
3.96,61.26151621677786,0.10498469777791584
3.98,61.596790795905434,0.10802152582374219
4.0,61.92061352647096,0.11067414119915246
4.0200000000000005,62.23243113206047,0.11294488374426355
4.04,62.53171620668583,0.11483711596903197
4.0600000000000005,62.81796793743585,0.11635518727282122
4.08,63.090712774482654,0.11750439628414887
4.1,63.34950504768207,0.11829095147563726
4.12,63.59392752910596,0.1187219302101029
4.14,63.82359194094538,0.11880523637416544
4.16,64.03813940832465,0.11854955675574826
4.18,64.23724085666626,0.11796431632139187
4.2,64.42059735334824,0.1170596325484175
4.22,64.58794039349522,0.11584626896568054
4.24,64.73903212984433,0.11433558805494995
4.26,64.87366554672631,0.11253950366286314
4.28,64.99166457830046,0.1104704330709411
4.3,65.0928841712787,0.10814124886833809
4.32,65.17721029247096,0.10556523076884011
4.34,65.24455988157791,0.1027560175101602
4.36,65.2948807497506,0.09972755896979352
4.38,65.32815142452796,0.0964940686276439
4.4,65.3443809418531,0.09306997650130064
4.42,65.3436085859562,0.08946988267528176
4.44,65.32590357797883,0.08570851154075267
4.46,65.29136471429638,0.08180066685723505
4.48,65.24011995557775,0.07776118774261759
4.5,65.17232596769901,0.07360490569243101
4.5200000000000005,65.08816761570424,0.06934660272382814
4.54,64.98785741208019,0.0650009707340832
4.5600000000000005,64.87163492068113,0.06058257215766517
4.58,64.7397661177088,0.056105802000112476
4.6000000000000005,64.59254271121603,0.05158485132101138
4.62,64.43028142066464,0.04703367223243031
4.64,64.25332321812606,0.04246594447314945
4.66,64.06203253276837,0.03789504361302112
4.68,63.856796420324976,0.033334010935769265
4.7,63.63802369928829,0.028795525042541886
4.72,63.4061440556168,0.024291875212571236
4.74,63.16160711778488,0.019834936551368105
4.76,62.90488150404287,0.015436146951043086
4.78,62.636453843788274,0.011106485881564154
4.8,62.35682777498063,0.006856455026100011
4.82,62.06652291955798,0.002696060768017682
4.84,61.76607383883753,0.0013652014683266738
4.86,61.45602897090133,0.005318361026188974
4.88,61.136949551984664,0.009154983982768044
4.9,60.80940852389597,0.012867183286626787
4.92,60.47398942950662,0.016447627084393537
4.94,60.13128529835272,0.019889545259612538
4.96,59.78189752439307,0.02318673421108314
4.98,59.42643473796412,0.026333559902329308
5.0,59.065511673967826,0.029324959217918948
