noise,lambda_fraction,lambda_value,completion_trace,effective_power_authority_MW,W,ess_fraction
homogeneous,1.0,0.002,145.00000000000003,2900.0000133280046,0.08462866241826797,0.22294279201880898
homogeneous,0.8,0.0016,193.75000000000003,3742.2985673746953,0.08233491071229697,0.06637404646407012
homogeneous,0.6,0.0012,275.0,4560.380482261564,0.07890821884978076,0.009829344110452552
homogeneous,0.4,0.0008,437.50000000000006,5810.047478635737,0.07378617495852885,0.002819689734171288
homogeneous,0.25,0.0005,730.0000000000001,7532.05080756888,0.0692711535622365,0.0024548876355351915
activity_scaled,1.0,0.0004908711790507407,744.5058024270073,6431.980569443861,0.05298331501722125,0.01715994348206429
activity_scaled,0.8,0.0003926969432405926,943.1322530337591,7278.815420402655,0.04949819094144617,0.005215613469996774
activity_scaled,0.6,0.00029452270743044443,1274.1763373783458,8471.341652727499,0.04556427670826533,0.00210901120087135
activity_scaled,0.4,0.0001963484716202963,1936.2645060675181,10448.866883431803,0.04138575930997064,0.0028901369240615727
activity_scaled,0.25,0.00012271779476268519,3128.0232097080293,13282.95831949612,0.037747611578919,0.0014297731484725215
