bus_id,uniform,activity_specific,robust_fixed
1,5.0,1.3264208950864056,4.14879916223594
4,5.0,0.8999156405507595,2.8147696326487655
6,5.0,1.3656856261755925,4.271611976819672
8,5.0,0.5814005302344464,1.8185132952109229
10,5.0,20.95299449163692,8.072483129379316
12,5.0,0.7972384518376974,2.4936143823873143
15,5.0,3.2821248336433477,8.072483129379316
18,5.0,1.7004210988281316,5.318602606759229
19,5.0,1.1028594558490608,3.4495403408075136
24,5.0,0.2587405397759616,0.8092925395215949
25,5.0,15.78231196334071,8.072483129379316
26,5.0,20.95299449163692,8.072483129379316
27,5.0,2.2205307543262074,6.945409385056154
31,5.0,0.8061753418787501,2.521567321045521
32,5.0,1.6565746735302678,5.181459100337786
34,5.0,1.6565746735302678,5.181459100337786
36,5.0,0.6613957462804262,2.068723531301048
40,5.0,1.9755265979130865,6.179081711361852
42,5.0,3.660318452423523,8.072483129379316
46,5.0,0.1944609231449122,0.6082377909002133
49,5.0,4.971670521654929,8.072483129379316
54,5.0,1.9282439019587159,6.031190186062132
55,5.0,1.8353966453782289,5.740781144901831
56,5.0,2.9245488388022163,8.072483129379316
59,5.0,5.537405565988788,8.072483129379316
61,5.0,8.74605273819992,8.072483129379316
62,5.0,2.5334352306327435,7.9241166973198585
65,5.0,20.95299449163692,8.072483129379316
66,5.0,20.95299449163692,8.072483129379316
69,5.0,20.95299449163692,8.072483129379316
70,5.0,1.9755265979130865,6.179081711361852
72,5.0,0.24181156795407246,0.7563418476466797
73,5.0,0.15226468432051288,0.4762557624711667
74,5.0,2.071810125150081,6.480238771400432
76,5.0,2.071810125150081,6.480238771400432
77,5.0,1.7448402359020794,5.457537449660383
80,5.0,20.95299449163692,8.072483129379316
85,5.0,0.48275820703832356,1.509978357806743
87,5.0,0.10082675630643265,0.3153674400370822
89,5.0,20.95299449163692,8.072483129379316
90,5.0,9.284047177216918,8.072483129379316
91,5.0,0.2096717596385477,0.6558144733359886
92,5.0,1.9282439019587159,6.031190186062132
99,5.0,0.9988103452075294,3.1240939725694292
100,5.0,15.117209158700678,8.072483129379316
103,5.0,0.2889266589269629,0.9037091355724812
104,5.0,0.8680961625506718,2.7152441923013044
105,5.0,0.6613957462804262,2.068723531301048
107,5.0,1.2877288757733034,4.027777684131917
110,5.0,0.8999156405507595,2.8147696326487655
111,5.0,0.7379462811482115,2.308159441957063
112,5.0,2.071810125150081,6.480238771400432
113,5.0,0.15226468432051288,0.4762557624711667
116,5.0,11.57589410041847,8.072483129379316
