noise,sigma_rms,architecture,rank,t,remaining,lambda_max,deleted_rank,trace,trace_se,trace_z,min_direction,positive_fraction,ess_fraction_min,surrogate_cross,W0,max_edge_deg
activity_scaled,0.15,H0,1,0.0,3.0,0.03653360455241682,117,0.009953343375047299,9.43682860039002e-05,105.47339362119952,0.009799416254905984,1.0,0.9998212251096754,0.0,0.009147167121613285,59.90707138884389
activity_scaled,0.15,H1,1,0.0,3.0,0.0013083161651363257,117,0.010492578632662584,8.45370393056465e-05,124.11812288251916,0.010270573415609857,1.0,0.999423537360862,0.0,0.0074750468427464915,59.90707138884389
activity_scaled,0.15,H2,3,0.0,3.0,0.0010893594796096244,117,0.010671627961750274,0.0002751820996657681,38.78024033798662,0.009856992521577006,1.0,0.979651019677079,0.0,0.007527924332000198,59.90707138884389
activity_scaled,0.15,H2,3,0.75,2.25,0.0010893594796096244,117,0.0104340282753104,0.00020760548116513885,50.258924845104154,0.010044283167324293,1.0,0.979538666094667,0.0,0.0057613604015166455,59.76946315764745
activity_scaled,0.15,H2,3,1.5,1.5,0.0010893594796096244,117,0.010417774372437245,6.786890455654799e-05,153.4984900744525,0.010230109776497315,1.0,0.9938235371181825,0.0,0.004391880601003607,63.94868129264569
activity_scaled,0.15,H2,3,2.25,0.75,0.0010893594796096244,117,0.011521594495778548,0.0002891744032178948,39.84306483412002,0.011194527713988787,1.0,0.9992443546076488,0.0,0.0033296337135537454,71.26834376516022
activity_scaled,0.15,H2,3,2.8,0.20000000000000018,0.0010893594796096244,117,0.01575653867691529,0.00010932329938915847,144.12791019805115,0.015542133851380292,1.0,0.9998651712584535,0.0,0.0026647552198140073,71.20643366090516
activity_scaled,0.15,H3,54,0.0,3.0,0.00017580135596715542,117,0.010227993823590176,0.00029055583118702547,35.20147498608143,0.009780827808558495,1.0,0.9495032275417643,0.0,0.007650521663206215,59.90707138884389
activity_scaled,0.15,H3,54,0.75,2.25,0.00017580135596715542,117,0.01002301565570775,0.00021476275713671337,46.670175915684084,0.00943510158115399,1.0,0.971775422642642,0.0,0.005882461011025344,59.76946315764745
activity_scaled,0.15,H3,54,1.5,1.5,0.00017580135596715542,117,0.009958052539556379,0.00022147639789009695,44.96213878509012,0.009527748222245289,1.0,0.9791293704726569,0.0,0.0044776902785555765,63.94868129264569
activity_scaled,0.15,H3,54,2.25,0.75,0.00017580135596715542,117,0.010901183393400139,8.747285622041231e-05,124.62361313470272,0.010666017102574452,1.0,0.9905741891923829,0.0,0.0033814645711932843,71.26834376516022
activity_scaled,0.15,H3,54,2.8,0.20000000000000018,0.00017580135596715542,117,0.015619618074414511,5.09780633337188e-05,306.3988126061884,0.0155231079616028,1.0,0.9954810112456752,0.0,0.0026792360208841913,71.20643366090516
homogeneous,0.15,H0,1,0.0,3.0,0.0045,117,0.01679584287023016,0.00030725285784007544,54.66456191262627,0.016237807340342476,1.0,0.9998089097548724,0.0,0.0076433625297098505,59.90707138884389
homogeneous,0.15,H1,1,0.0,3.0,0.004499999999999998,117,0.016875972511494693,0.0003009126381695741,56.08263120535513,0.016339828728966943,1.0,0.9995358451634866,0.0,0.007584958219176143,59.90707138884389
homogeneous,0.15,H2,3,0.0,3.0,0.004499999999999997,115,0.01736472321812207,0.0006636900751783101,26.163903706796855,0.015761957153153597,1.0,0.9944209278591889,0.0,0.00793226990350125,59.90707138884389
homogeneous,0.15,H2,3,0.75,2.25,0.004499999999999997,115,0.017352418297760897,0.0006781868734500043,25.58648504871145,0.01615381809363264,1.0,0.9951191249808599,0.0,0.006086786504900206,59.76946315764745
homogeneous,0.15,H2,3,1.5,1.5,0.004499999999999997,115,0.018538451639387638,0.00042009839529433404,44.128832309390326,0.017405057214356152,1.0,0.998613096506497,0.0,0.004588232884065906,63.94868129264569
homogeneous,0.15,H2,3,2.25,0.75,0.004499999999999997,115,0.023823503569704106,0.00021370537864386275,111.47825909148345,0.023409862082325726,1.0,0.9998322614231687,0.0,0.0034250045124185444,71.26834376516022
homogeneous,0.15,H2,3,2.8,0.20000000000000018,0.004499999999999997,115,0.04553068016873081,0.0003485182532019917,130.64073330570284,0.04474500255239439,1.0,0.9999638122803625,0.0,0.0026892017643419582,71.20643366090516
homogeneous,0.15,H3,54,0.0,3.0,0.0045,64,0.012504868896092,0.00016805234630770045,74.41055820307226,0.012161503844232945,1.0,0.9940647384393135,0.015625,0.01834656048918003,59.90707138884389
homogeneous,0.15,H3,54,0.75,2.25,0.0045,64,0.013223115658477728,0.0002988618816116197,44.24490532941761,0.012594150282819062,1.0,0.9952999637957473,0.0,0.01378908407250486,59.76946315764745
homogeneous,0.15,H3,54,1.5,1.5,0.0045,64,0.01429128019317914,0.00022923384692648212,62.34367387187161,0.013760786676320687,1.0,0.997155134935213,0.015625,0.009671206553353207,63.94868129264569
homogeneous,0.15,H3,54,2.25,0.75,0.0045,64,0.020856177661153944,0.0002924469886677392,71.3160964869756,0.020068796729614615,1.0,0.9987248994700387,0.0,0.005901320152703865,71.26834376516022
homogeneous,0.15,H3,54,2.8,0.20000000000000018,0.0045,64,0.04294230487478194,0.00016096174620452297,266.78577915163845,0.04261036123717603,1.0,0.9997838565151411,0.0,0.00333978330355784,71.20643366090516
