noise,baseline_metric,method,k,alpha,J,J_se,crossing,cross_ci_lo,cross_ci_hi,control_effort,dmax_q50_deg,dmax_q90_deg,dmax_q99_deg,genomega_q99,gen_command_l2sq_mean,load_command_l2sq_mean,added_authority_sum,effective_power_proxy_MW,budget_fraction_of_full,load_bus_ids,load_authorities,n_paths,seeds,runtime_s,Jplus_common_oracle,gap_to_common_Jplus,gap_fraction,delta_J_vs_k0,delta_J_vs_k0_se,relative_delta_J_pct,delta_cross_vs_k0
activity_scaled,activity_specific,baseline,0,0.005,0.04066788837989515,0.0002921976103362291,0.16666666666666666,0.12060204229124492,0.22580805508659113,0.0008614633925383376,84.3600790947815,92.29244623298769,100.85888748840797,4.021275648077821,0.01886566550828338,0.0,0.0,0.0,0.0,,,192,53201;53202,25.074326992034912,0.04057418273984063,9.370564005452275e-05,0.002304167828414905,0.0,0.0,0.0,0.0
activity_scaled,activity_specific,noise,5,0.005,0.04068440220259271,0.00029211498562416464,0.16666666666666666,0.12060204229124492,0.22580805508659113,0.0009130977700906683,84.35886984086139,92.28561354702356,100.85302556278734,4.020995022105929,0.01863040512205016,5.9087172205942735e-05,2.2334644815590283,148.36682126435662,0.0646582027220557,60;78;11;82;45,0.587926117556;0.504526524386;0.493132799885;0.328530313043;0.319348726689,192,53201;53202,27.791795253753662,0.04057418273984063,0.00011021946275208139,0.002709133151403596,1.6513822697562845e-05,6.359820684952502e-07,0.040606540824791704,0.0
activity_scaled,activity_specific,shadow,5,0.005,0.04066492212822916,0.00029210516119881517,0.16666666666666666,0.12060204229124492,0.22580805508659113,0.0008717933006745765,84.35610245538714,92.28523724332271,100.84961054193657,4.020924565985518,0.01818970934130271,5.042049228450138e-05,2.2334644815590288,137.95792371113285,0.0646582027220557,86;84;102;93;88,0.41478993829;0.225455307908;0.139344694931;0.241811567954;1.21206297248,192,53201;53202,28.718281745910645,0.04057418273984063,9.073938838853601e-05,0.0022313921591293464,-2.966251665985476e-06,4.0414145010662465e-07,-0.007293842351185098,0.0
activity_scaled,activity_specific,noise,10,0.005,0.0406767225539218,0.0002919375623871223,0.16666666666666666,0.12060204229124492,0.22580805508659113,0.0009600340988342599,84.35313997738447,92.2687698854642,100.83922132636772,4.020158289199397,0.018122694170877113,0.00025382329062425077,8.48745299404493,405.3539523103069,0.2457095068285157,60;78;11;82;45;88;75;106;95;3,1.44975901682;1.24410509435;1.21600946407;0.810118430548;0.787477681639;0.679087067718;0.658371571059;0.57871833817;0.559607218385;0.504199111278,192,53201;53202,13.093170404434204,0.04057418273984063,0.00010253981408117618,0.002520847493188458,8.834174026657423e-06,1.1762329589639542e-06,0.021722726157143542,0.0
activity_scaled,activity_specific,shadow,10,0.005,0.04065574369098026,0.00029189959192114765,0.16666666666666666,0.12060204229124492,0.22580805508659113,0.0009212582061220218,84.34893656000847,92.26153761959345,100.83281424819498,4.020084371415967,0.017723471952178823,0.0002977764408324851,8.48745299404493,373.5401101125573,0.2457095068285157,86;84;102;93;88;83;78;101;106;11,0.41478993829;0.225455307908;0.139344694931;0.241811567954;1.21206297248;0.39327927226;2.22053075433;0.436873316097;1.03292067031;2.17038449949,192,53201;53202,16.729740142822266,0.04057418273984063,8.156095113963369e-05,0.0020061360028135094,-1.2144688914886122e-05,1.1647848116370633e-06,-0.029863091984117008,0.0
activity_scaled,activity_specific,noise,20,0.005,0.04066584504686099,0.0002917967106183032,0.16666666666666666,0.12060204229124492,0.22580805508659113,0.0009939369436245862,84.34381410605306,92.25502785425934,100.81246116637098,4.020093573847157,0.01774995413055019,0.0003506612058119091,15.210128624512691,760.5267253240488,0.4403291783470845,60;78;11;82;45;88;75;106;95;3;79;96;41;13;47;98;35;118;94;67,1.73810244624;1.49154589335;1.45786230652;0.971243364963;0.944099584095;0.814151096781;0.789315482723;0.693819971173;0.670907829456;0.604479571114;0.604479571114;0.58310620727;0.562117537894;0.501459696575;0.501459696575;0.501459696575;0.482009805072;0.482009805072;0.425968297372;0.39053076458,192,53201;53202,16.679441452026367,0.04057418273984063,9.166230702036676e-05,0.0022540366962678473,-2.0433330341553774e-06,1.4166151274453446e-06,-0.00502443848342402,0.0
activity_scaled,activity_specific,shadow,20,0.005,0.04064336316225194,0.00029173090327924185,0.16666666666666666,0.12060204229124492,0.22580805508659113,0.0009616870110927251,84.33916137868172,92.241898695877,100.80549159616221,4.019563119716655,0.017458590089239386,0.00044055270666250556,15.2101286245127,703.1871408759912,0.4403291783470845,86;84;102;93;88;83;78;101;106;11;109;7;3;79;44;23;60;29;108;35,0.41478993829;0.225455307908;0.139344694931;0.241811567954;1.21206297248;0.39327927226;2.22053075433;0.436873316097;1.03292067031;2.17038449949;0.179822798427;0.372341318005;0.899915640551;0.899915640551;0.312963725898;0.165757385486;2.5875904679;0.482758207038;0.10402099742;0.717589449192,192,53201;53202,14.686132669448853,0.04057418273984063,6.918042241131628e-05,0.001702133313504147,-2.452521764320306e-05,1.6946522580998665e-06,-0.060306100513759425,0.0
activity_scaled,activity_specific,noise,40,0.005,0.040651478765664835,0.0002915712947729699,0.16666666666666666,0.12060204229124492,0.22580805508659113,0.0010337244578993052,84.32990857774426,92.22261176469296,100.76896436232612,4.019095351434394,0.017098859485124383,0.0005041126820511506,25.945514537787943,1373.4245291032987,0.7511157453201697,60;78;11;82;45;88;75;106;95;3;79;96;41;13;47;98;35;118;94;67;39;16;29;33;53;101;115;86;2;48;83;117;7;20;43;52;28;50;51;44,2.1863046281;1.87616886259;1.83379933373;1.22169660851;1.18755329673;1.02409516465;0.992855223601;0.872734410633;0.843913945197;0.760355919626;0.760355919626;0.73347103468;0.707070044858;0.630770446124;0.630770446124;0.630770446124;0.606305036792;0.606305036792;0.53581217953;0.491236416968;0.469674378371;0.428001986544;0.407891633315;0.388265175208;0.388265175208;0.369122612223;0.369122612223;0.350463944362;0.332289171622;0.332289171622;0.332289171622;0.332289171622;0.314598294006;0.297391311512;0.297391311512;0.297391311512;0.28066822414;0.28066822414;0.28066822414;0.264429031891,192,53201;53202,9.570876359939575,0.04057418273984063,7.729602582420836e-05,0.0019014320799934674,-1.64096142303093e-05,1.6860028827999994e-06,-0.04035029819355378,0.0
activity_scaled,activity_specific,shadow,40,0.005,0.04064008061059758,0.00029152236792825276,0.16666666666666666,0.12060204229124492,0.22580805508659113,0.0010198034826284818,84.32891388778624,92.21804644412163,100.77447970653911,4.018858227860452,0.01688970438739778,0.0005571468102616393,25.945514537787943,1332.9668904267244,0.7511157453201697,86;84;102;93;88;83;78;101;106;11;109;7;3;79;44;23;60;29;108;35;22;48;98;94;117;43;96;41;47;71;118;50;2;97;13;67;21;82;28;52,0.41478993829;0.225455307908;0.139344694931;0.241811567954;1.21206297248;0.39327927226;2.22053075433;0.436873316097;1.03292067031;2.17038449949;0.179822798427;0.372341318005;0.899915640551;0.899915640551;0.312963725898;0.165757385486;2.5875904679;0.482758207038;0.10402099742;0.717589449192;0.209671759639;0.39327927226;0.746545368311;0.634157962489;0.39327927226;0.351976075527;0.868096162551;0.836849396327;0.746545368311;0.083335424626;0.717589449192;0.332183544824;0.39327927226;0.294316618748;0.746545368311;0.581400530234;0.276242223374;1.44593322368;0.332183544824;0.351976075527,192,53201;53202,7.1234071254730225,0.04057418273984063,6.589787075695491e-05,0.00162149950902831,-2.7807769297562925e-05,1.8510314492007705e-06,-0.06837770635593207,0.0
activity_scaled,activity_specific,noise,64,0.005,0.040632721168012524,0.00029142815223305807,0.16666666666666666,0.12060204229124492,0.22580805508659113,0.0010500993667615297,84.3207758748764,92.19761580129459,100.74555234089955,4.01858462003065,0.016707342035049078,0.0006255223151518005,34.54263167752986,1910.7085853546075,1.0,60;78;11;82;45;88;75;106;95;3;79;96;41;13;47;98;35;118;94;67;39;16;29;33;53;101;115;86;2;48;83;117;7;20;43;52;28;50;51;44;97;14;21;57;58;93;17;84;22;109;114;23;102;108;5;9;30;37;38;63;64;68;71;81,2.5875904679;2.22053075433;2.17038449949;1.44593322368;1.40552306904;1.21206297248;1.17508908849;1.03292067031;0.998810345208;0.899915640551;0.899915640551;0.868096162551;0.836849396327;0.746545368311;0.746545368311;0.746545368311;0.717589449192;0.717589449192;0.634157962489;0.581400530234;0.555880881771;0.506559720173;0.482758207038;0.45952940568;0.45952940568;0.436873316097;0.436873316097;0.41478993829;0.39327927226;0.39327927226;0.39327927226;0.39327927226;0.372341318005;0.351976075527;0.351976075527;0.351976075527;0.332183544824;0.332183544824;0.332183544824;0.312963725898;0.294316618748;0.276242223374;0.276242223374;0.241811567954;0.241811567954;0.241811567954;0.225455307908;0.225455307908;0.209671759639;0.179822798427;0.179822798427;0.165757385486;0.139344694931;0.10402099742;0.083335424626;0.083335424626;0.083335424626;0.083335424626;0.083335424626;0.083335424626;0.083335424626;0.083335424626;0.083335424626;0.083335424626,192,53201;53202,8.48681640625,0.04057418273984063,5.853842817189758e-05,0.0014406721107810285,-3.516721188262539e-05,1.9199102649707845e-06,-0.0864741526634338,0.0
activity_scaled,activity_specific,shadow,64,0.005,0.040632721168012524,0.00029142815223305807,0.16666666666666666,0.12060204229124492,0.22580805508659113,0.0010500993667615297,84.3207758748764,92.19761580129459,100.74555234089955,4.01858462003065,0.016707342035049078,0.0006255223151518005,34.54263167752986,1910.7085853546075,1.0,60;78;11;82;45;88;75;106;95;3;79;96;41;13;47;98;35;118;94;67;39;16;29;33;53;101;115;86;2;48;83;117;7;20;43;52;28;50;51;44;97;14;21;57;58;93;17;84;22;109;114;23;102;108;5;9;30;37;38;63;64;68;71;81,2.5875904679;2.22053075433;2.17038449949;1.44593322368;1.40552306904;1.21206297248;1.17508908849;1.03292067031;0.998810345208;0.899915640551;0.899915640551;0.868096162551;0.836849396327;0.746545368311;0.746545368311;0.746545368311;0.717589449192;0.717589449192;0.634157962489;0.581400530234;0.555880881771;0.506559720173;0.482758207038;0.45952940568;0.45952940568;0.436873316097;0.436873316097;0.41478993829;0.39327927226;0.39327927226;0.39327927226;0.39327927226;0.372341318005;0.351976075527;0.351976075527;0.351976075527;0.332183544824;0.332183544824;0.332183544824;0.312963725898;0.294316618748;0.276242223374;0.276242223374;0.241811567954;0.241811567954;0.241811567954;0.225455307908;0.225455307908;0.209671759639;0.179822798427;0.179822798427;0.165757385486;0.139344694931;0.10402099742;0.083335424626;0.083335424626;0.083335424626;0.083335424626;0.083335424626;0.083335424626;0.083335424626;0.083335424626;0.083335424626;0.083335424626,192,53201;53202,8.48681640625,0.04057418273984063,5.853842817189758e-05,0.0014406721107810285,-3.516721188262539e-05,1.9199102649707845e-06,-0.0864741526634338,0.0
homogeneous,uniform,baseline,0,0.005,0.07672470971085459,0.0003651171337385553,0.3020833333333333,0.24154102487312906,0.3703899704449612,0.000815040494222101,86.72005115732276,95.75408447774865,104.86824718087377,3.2973504822131163,0.008150404942221008,0.0,0.0,0.0,0.0,,,192,53201;53202,33.18068742752075,0.075024198177028,0.001700511533826582,0.022163805379455257,0.0,0.0,0.0,0.0
homogeneous,uniform,noise,5,0.005,0.07661908480692765,0.0003642189707222455,0.296875,0.2367473538307384,0.3649712992588804,0.0009160380667320708,86.6720979819297,95.71840498200376,104.80960629726547,3.297398935027457,0.007887626078605952,0.0012727545887147571,25.0,500.0,0.078125,2;3;5;7;9,5;5;5;5;5,192,53201;53202,32.761510372161865,0.075024198177028,0.00159488662989965,0.020815788049656336,-0.00010562490392691688,3.8397911016285195e-06,-0.13766738815301593,-0.005208333333333333
homogeneous,uniform,shadow,5,0.005,0.07661399917014748,0.00036411376159122986,0.3020833333333333,0.24154102487312906,0.3703899704449612,0.0009288448362143251,86.67530796941075,95.70239894314413,104.78225749017167,3.296838887787697,0.007780457685701833,0.0015079906764414173,25.0,500.0,0.078125,86;7;88;5;35,5;5;5;5;5,192,53201;53202,32.612473487854004,0.075024198177028,0.0015898009931194779,0.020750789807862442,-0.00011071054070709817,3.747605443220868e-06,-0.14429580916542126,0.0
homogeneous,uniform,noise,10,0.005,0.07651589206638988,0.0003639289170417764,0.28125,0.2224251875087454,0.3486564388954595,0.0010250781665206508,86.62635228357644,95.7006891985782,104.77192789059237,3.297370859992491,0.007716611369945614,0.0025341702952608905,50.0,1000.0,0.15625,2;3;5;7;9;11;13;14;16;17,5;5;5;5;5;5;5;5;5;5,192,53201;53202,27.73338556289673,0.075024198177028,0.001491693889361878,0.01949521660242284,-0.00020881764446470215,5.736231352152555e-06,-0.27216478922064896,-0.020833333333333332
homogeneous,uniform,shadow,10,0.005,0.07651594866677008,0.0003631818268819144,0.296875,0.2367473538307384,0.3649712992588804,0.0010746487681460978,86.65832044090152,95.71279578618622,104.73814124653862,3.296294834526195,0.00744461342850414,0.0033018742529568375,50.0,1000.0,0.15625,86;7;88;5;35;102;84;47;23;78,5;5;5;5;5;5;5;5;5;5,192,53201;53202,31.715341329574585,0.075024198177028,0.0014917504897420802,0.01949594190145523,-0.0002087610440845044,5.346756381083874e-06,-0.27209101848836326,-0.005208333333333333
homogeneous,uniform,noise,20,0.005,0.07627042472263533,0.0003619839661626306,0.2708333333333333,0.21292769317512264,0.33772924877213967,0.0012101337149846073,86.51436658202016,95.6138129509051,104.66768619055989,3.2971771908521985,0.007364180216319147,0.004737156933526925,100.0,2000.0,0.3125,2;3;5;7;9;11;13;14;16;17;20;21;22;23;28;29;30;33;35;37,5;5;5;5;5;5;5;5;5;5;5;5;5;5;5;5;5;5;5;5,192,53201;53202,30.36466121673584,0.075024198177028,0.0012462265456073263,0.016339577891946292,-0.0004542849882192546,8.019810941347401e-06,-0.5920973698450954,-0.03125
homogeneous,uniform,shadow,20,0.005,0.07631053698389866,0.00036105230902416574,0.2760416666666667,0.21767126665255818,0.3431980175231756,0.0013222321227775093,86.6060818018701,95.61896307389794,104.55184137860387,3.2922710517143945,0.006949176867001358,0.0062731443607737325,100.0,2000.0,0.3125,86;7;88;5;35;102;84;47;23;78;60;48;93;41;57;81;11;64;67;37,5;5;5;5;5;5;5;5;5;5;5;5;5;5;5;5;5;5;5;5,192,53201;53202,22.885785579681396,0.075024198177028,0.0012863388068706516,0.016856634191187332,-0.00041417272695593786,8.186155943027201e-06,-0.5398166099510743,-0.026041666666666668
homogeneous,uniform,noise,40,0.005,0.07580166363103816,0.0003575130253032364,0.2552083333333333,0.19876092091956593,0.3212589943422825,0.0015740517222943163,86.41571183301666,95.46714825990298,104.32132622935073,3.2596712981557,0.006746395391207233,0.00899412183173593,200.0,4000.0,0.625,2;3;5;7;9;11;13;14;16;17;20;21;22;23;28;29;30;33;35;37;38;39;41;43;44;45;47;48;50;51;52;53;57;58;60;63;64;67;68;71,5;5;5;5;5;5;5;5;5;5;5;5;5;5;5;5;5;5;5;5;5;5;5;5;5;5;5;5;5;5;5;5;5;5;5;5;5;5;5;5,192,53201;53202,23.437178373336792,0.075024198177028,0.0007774654540101539,0.01025657507722309,-0.0009230460798164232,1.21546646025365e-05,-1.203062329326527,-0.046875
homogeneous,uniform,shadow,40,0.005,0.0758402649348699,0.0003577687443941196,0.2552083333333333,0.19876092091956593,0.3212589943422825,0.0016697474124455429,86.42613009440213,95.45783812142261,104.365396671833,3.292044505920828,0.0062803263725595805,0.010417147751895848,200.0,4000.0,0.625,86;7;88;5;35;102;84;47;23;78;60;48;93;41;57;81;11;64;67;37;63;9;109;68;108;14;38;29;20;101;30;2;79;33;3;98;39;28;75;13,5;5;5;5;5;5;5;5;5;5;5;5;5;5;5;5;5;5;5;5;5;5;5;5;5;5;5;5;5;5;5;5;5;5;5;5;5;5;5;5,192,53201;53202,28.14711594581604,0.075024198177028,0.0008160667578418906,0.010760336327183357,-0.0008844447759846878,1.1695096198449401e-05,-1.152750892532294,-0.046875
homogeneous,uniform,noise,64,0.005,0.07521604850417193,0.0003525747022677678,0.25,0.19406065206654982,0.31574692096682716,0.002012835912768089,86.33325206715685,95.35207619623849,104.14779495001746,3.2542665848479895,0.005813929566763997,0.014314429560916891,320.0,6400.0,1.0,2;3;5;7;9;11;13;14;16;17;20;21;22;23;28;29;30;33;35;37;38;39;41;43;44;45;47;48;50;51;52;53;57;58;60;63;64;67;68;71;75;78;79;81;82;83;84;86;88;93;94;95;96;97;98;101;102;106;108;109;114;115;117;118,5;5;5;5;5;5;5;5;5;5;5;5;5;5;5;5;5;5;5;5;5;5;5;5;5;5;5;5;5;5;5;5;5;5;5;5;5;5;5;5;5;5;5;5;5;5;5;5;5;5;5;5;5;5;5;5;5;5;5;5;5;5;5;5,192,53201;53202,8.381422519683838,0.075024198177028,0.00019185032714393035,0.0025506568207088035,-0.001508661206682649,1.579364326559074e-05,-1.966330289639678,-0.052083333333333336
homogeneous,uniform,shadow,64,0.005,0.07521604850417193,0.0003525747022677678,0.25,0.19406065206654982,0.31574692096682716,0.002012835912768089,86.33325206715685,95.35207619623849,104.14779495001746,3.2542665848479895,0.005813929566763997,0.014314429560916891,320.0,6400.0,1.0,2;3;5;7;9;11;13;14;16;17;20;21;22;23;28;29;30;33;35;37;38;39;41;43;44;45;47;48;50;51;52;53;57;58;60;63;64;67;68;71;75;78;79;81;82;83;84;86;88;93;94;95;96;97;98;101;102;106;108;109;114;115;117;118,5;5;5;5;5;5;5;5;5;5;5;5;5;5;5;5;5;5;5;5;5;5;5;5;5;5;5;5;5;5;5;5;5;5;5;5;5;5;5;5;5;5;5;5;5;5;5;5;5;5;5;5;5;5;5;5;5;5;5;5;5;5;5;5,192,53201;53202,8.381422519683838,0.075024198177028,0.00019185032714393035,0.0025506568207088035,-0.001508661206682649,1.579364326559074e-05,-1.966330289639678,-0.052083333333333336
