design,noise,sigma_rms,fraction,lambda_max,lambda_pic,total_generator_authority,completion_trace,completion_trace_gen,completion_trace_load,effective_power_authority_MW,effective_power_gen_MW,effective_power_load_MW,virtual_rank,virtual_rank_gen,virtual_rank_load,incremental_trace_above_least,incremental_effective_power_proxy_MW,Wplus,Wplus_rep_sd,Wplus_rep_se,ess_fraction_mean,ess_fraction_min,n_total_paths,n_reps,source,Wplus_reduction_from_least,Wplus_reduction_fraction,added_proxy_MW_from_least
uniform,homogeneous,0.15,1.0,0.0045,0.0045,270.0,320.0,0.0,320.0,6400.0,0.0,6400.0,64,0,64,0.0,0.0,0.075024198177028,,,,,,,frozen Stage5A2/Stage4 baseline,0.0,0.0,0.0
uniform,homogeneous,0.15,0.8,0.0045,0.0036,270.0,467.5,67.5,400.0,9855.417527999329,2700.0,7155.417527999327,118,54,64,147.5,3455.4175279993287,0.07428765316596973,0.00022270432957782114,9.959640396390502e-05,0.6290177785951178,0.6006075381193848,768.0,5.0,Stage5B1 independent importance-sampling batches pooled at normalizer level,0.0007365450110582705,0.009817432627807765,3455.4175279993287
uniform,homogeneous,0.15,0.6,0.0045,0.0026999999999999,270.0,713.3333333333335,180.0000000000001,533.3333333333334,12671.446008918874,4409.081537009721,8262.364471909155,118,54,64,393.3333333333335,6271.446008918874,0.0734718053528873,0.0002008676236403446,0.0001159709765802334,0.5088743730167546,0.4783144973865771,384.0,3.0,Stage5B1 independent importance-sampling batches pooled at normalizer level,0.0015523928241406998,0.020691894906729357,6271.446008918874
uniform,homogeneous,0.15,0.4,0.0045,0.0018,270.0,1205.0,405.0,800.0,16732.910818053395,6613.62230551458,10119.288512538811,118,54,64,885.0,10332.910818053397,0.07167780049405674,0.00024310601928893225,0.0001403573256780834,0.30539783374701024,0.2775492611003138,384.0,3.0,Stage5B1 independent importance-sampling batches pooled at normalizer level,0.003346397682971264,0.044604244554204545,10332.910818053395
uniform,homogeneous,0.15,0.25,0.0045,0.001125,270.0,2090.0,810.0,1280.0,22153.07436087194,9353.07436087194,12800.0,118,54,64,1770.0,15753.07436087194,0.0688355020702768,0.0003153373939140597,0.00018206012926183743,0.13784914268385498,0.11163654466609364,384.0,3.0,Stage5B1 independent importance-sampling batches pooled at normalizer level,0.006188696106751199,0.08248933353673805,15753.074360871939
activity_specific,activity_scaled,0.15,1.0,0.0087179912558557,0.0087179912558557,270.0,34.54263167752993,7.607803276243885e-14,34.54263167752986,1910.7086522600132,6.69054058485215e-05,1910.7085853546075,64,0,64,0.0,0.0,0.0405741827398406,2.2211836855163703e-05,,0.9762903775311846,,,,frozen Stage5A2/Stage4 baseline,0.0,0.0,0.0
activity_specific,activity_scaled,0.15,0.8,0.0087179912558557,0.0069743930046845,270.0,110.6782895969124,67.50000000000009,43.17828959691232,4293.408188803813,2157.171047781133,2136.2371410226806,118,54,64,76.13565791938248,2382.6995365437992,0.04054108841295688,7.940259544258705e-05,4.584310985313259e-05,0.9672834942826508,0.9665052772548649,384.0,3.0,Stage5B1 independent importance-sampling batches pooled at normalizer level,3.309432688371888e-05,0.0008156498701629522,2382.6995365437997
activity_specific,activity_scaled,0.15,0.6,0.0087179912558557,0.0052307947535134,270.0,237.57105279588328,180.0000000000001,57.57105279588311,5989.359746823793,3522.645569979151,2466.714176844642,118,54,64,203.02842111835332,4078.65109456378,0.040140631511458906,7.388476064894967e-05,4.2657386449682166e-05,0.9513955514487766,0.9482770277594407,384.0,3.0,Stage5B1 independent importance-sampling batches pooled at normalizer level,0.0004335512283816928,0.010685396454232958,4078.65109456378
activity_specific,activity_scaled,0.15,0.4,0.0087179912558557,0.0034871965023422,270.0,491.3565791938248,405.00000000000017,86.35657919382464,8305.063892248127,5283.968354968725,3021.095537279401,118,54,64,456.8139475162949,6394.355239988114,0.03939700653737828,6.425568191804325e-05,3.709803525234524e-05,0.9169922876940076,0.9059621783944447,384.0,3.0,Stage5B1 independent importance-sampling batches pooled at normalizer level,0.0011771762024623197,0.0290129368719589,6394.355239988114
activity_specific,activity_scaled,0.15,0.25,0.0087179912558557,0.0021794978139639,270.0,948.1705267101196,810.0000000000002,138.17052671011945,11294.07688145624,7472.659710747024,3821.417170709215,118,54,64,913.6278950325898,9383.368229196229,0.03820876385291407,4.696885166479608e-05,2.7117479152197623e-05,0.8465603240685748,0.8154065134095003,384.0,3.0,Stage5B1 independent importance-sampling batches pooled at normalizer level,0.0023654188869265264,0.05829862063010512,9383.368229196227
robust_fixed,homogeneous,0.15,1.0,0.0027872464568073,0.0027872464568073,270.0,682.5530092667591,165.91408898648305,516.6389202802762,11493.94040941328,3361.918410188529,8132.021999224753,101,37,64,0.0,0.0,0.0735725490512393,5.638583481921175e-05,,0.5005501498190144,,,,frozen Stage5A2/Stage4 baseline,0.0,0.0,0.0
robust_fixed,homogeneous,0.15,0.8,0.0027872464568073,0.0022297971654459,270.0,920.6912615834492,274.8926112331038,645.7986503503453,14322.164070084127,5230.287077688978,9091.876992395146,118,54,64,238.1382523166901,2828.2236606708466,0.07259894050272007,0.00019193650765196446,0.00013571960611796774,0.3987311361431619,0.37824709651332467,256.0,2.0,Stage5B1 independent importance-sampling batches pooled at normalizer level,0.0009736085485192308,0.013233312710711778,2828.2236606708466
robust_fixed,homogeneous,0.15,0.6,0.0027872464568073,0.0016723478740844,270.0,1317.5883487779329,456.52348164413854,861.0648671337939,17424.352151063133,6925.956893066531,10498.395257996606,118,54,64,635.0353395111736,5930.411741649852,0.07118177491909942,0.00022474445371801664,0.00015891832725807573,0.25711563113572955,0.24724297512551086,256.0,2.0,Stage5B1 independent importance-sampling batches pooled at normalizer level,0.0023907741321398807,0.03249546417747244,5930.411741649852
robust_fixed,homogeneous,0.15,0.4,0.0027872464568073,0.0011148985827229,270.0,2111.3825231668984,819.7852224662076,1291.5973007006903,22227.96963688607,9370.113886812958,12857.85575007312,118,54,64,1428.829513900139,10734.02922747279,0.06863842904778979,0.00026011106359621607,0.0001839262969305297,0.11698297985359295,0.10907114316186846,256.0,2.0,Stage5B1 independent importance-sampling batches pooled at normalizer level,0.004934120003449519,0.06706468740145419,10734.02922747279
robust_fixed,homogeneous,0.15,0.25,0.0027872464568073,0.0006968116142018,270.0,3540.212037067037,1473.656355945932,2066.555681121105,28863.38056263302,12599.33656418352,16264.043998449506,118,54,64,2857.6590278002777,17369.44015321974,0.06484597346701342,0.00023103777546094843,0.00016336837773869156,0.04134262536147944,0.029281487799216493,256.0,2.0,Stage5B1 independent importance-sampling batches pooled at normalizer level,0.00872657558422589,0.11861184228030895,17369.44015321974
robust_fixed,activity_scaled,0.15,1.0,0.0027872464568073,0.0027872464568073,270.0,682.5530092667595,574.5100480196622,108.04296124709718,7411.14409967666,4031.935641697333,3379.208457979327,81,17,64,0.0,0.0,0.0387771240230506,1.8451381587343483e-05,,0.8845418724050325,,,,frozen Stage5A2/Stage4 baseline,0.0,0.0,0.0
robust_fixed,activity_scaled,0.15,0.8,0.0027872464568073,0.0022297971654459,270.0,920.6912615834492,785.6375600245777,135.0537015588715,9929.881918084266,6151.812006992254,3778.069911092008,118,54,64,238.1382523166897,2518.737818407605,0.03826522903920494,6.298554128954125e-05,4.453750336253989e-05,0.8660404995419908,0.8640443152730977,256.0,2.0,Stage5B1 independent importance-sampling batches pooled at normalizer level,0.0005118949838456566,0.01320095279735977,2518.737818407606
robust_fixed,activity_scaled,0.15,0.6,0.0027872464568073,0.0016723478740844,270.0,1317.5883487779324,1137.516746699437,180.07160207849537,12347.870858881048,7985.331498508655,4362.539360372392,118,54,64,635.0353395111729,4936.726759204387,0.03735008908133932,4.438195728735076e-05,3.138278296021743e-05,0.8060901544083126,0.804352458754055,256.0,2.0,Stage5B1 independent importance-sampling batches pooled at normalizer level,0.001427034941711279,0.036800948437099024,4936.726759204388
robust_fixed,activity_scaled,0.15,0.4,0.0027872464568073,0.0011148985827229,270.0,2111.382523166898,1841.2751200491557,270.107403117743,15986.4109768074,10643.413268947372,5342.997707860031,118,54,64,1428.8295139001384,8575.26687713074,0.035773499226317416,1.5853302466258595e-05,1.120997767809287e-05,0.6697706512748995,0.6694211440728477,256.0,2.0,Stage5B1 independent importance-sampling batches pooled at normalizer level,0.0030036247967331828,0.0774586788578677,8575.26687713074
robust_fixed,activity_scaled,0.15,0.25,0.0027872464568073,0.0006968116142018,270.0,3540.2120370670377,3108.040192078649,432.1718449883887,20941.43931571148,14183.02239975282,6758.416915958654,118,54,64,2857.659027800278,13530.295216034814,0.03351666362037509,1.8343575363062966e-05,1.2970866530428308e-05,0.4328997003655737,0.42438532829634124,256.0,2.0,Stage5B1 independent importance-sampling batches pooled at normalizer level,0.0052604604026755125,0.13565885906207212,13530.29521603482
