policy,architecture,controller,scale,sigma_rms,noise,J_mean,J_se,cross_probability,cross_ci95_lo,cross_ci95_hi,cross_count,n_paths,control_effort_mean,dmax_q50_deg,dmax_q90_deg,dmax_q99_deg,genomega_q50,genomega_q90,genomega_q99,seeds,paths_per_seed,dt,T
H0_droop,H0,droop,0.0125,0.1,activity_scaled,0.0224442307426001,0.000157906709573,0.0104166666666666,0.0028612893782969,0.0371785411453997,2,192,1.5310287491555712e-05,79.58643837235114,85.08304764494929,89.03777056577461,2.597914173105074,2.829477040869181,3.0672625959143502,31301;31302,96,0.0025,3.0
H0_lqr,H0,lqr,0.00125,0.1,activity_scaled,0.0224473476493951,0.0001580111342649,0.0104166666666666,0.0028612893782969,0.0371785411453997,2,192,5.048869823611751e-06,79.5931028807953,85.08798443950995,89.03560601051731,2.597913895421744,2.8294771165152044,3.067644423958086,31301;31302,96,0.0025,3.0
H1_droop,H1,droop,0.005,0.1,activity_scaled,0.0224493345025977,0.0001580560247399,0.0104166666666666,0.0028612893782969,0.0371785411453997,2,192,1.4083351989140651e-06,79.60060728533722,85.0881856938615,89.04487774768513,2.597713820146005,2.8294245665425493,3.0681872498998004,31301;31302,96,0.0025,3.0
H1_lqr,H1,lqr,0.00125,0.1,activity_scaled,0.0224502278304686,0.0001580684809017,0.0104166666666666,0.0028612893782969,0.0371785411453997,2,192,8.050837161204374e-07,79.60092725358959,85.08794674614693,89.04390196666026,2.597768852653552,2.829366532378257,3.06859174357315,31301;31302,96,0.0025,3.0
H2_droop,H2,droop,0.0125,0.1,activity_scaled,0.0223899741673933,0.00015734446243,0.0052083333333333,0.0009199911384848,0.0289074971567405,1,192,0.0001078779346978,79.01508288710039,84.48441961739726,88.05243011309643,2.595009447245098,2.8268660915894217,3.0675375778444205,31301;31302,96,0.0025,3.0
H2_lqr,H2,lqr,0.0025,0.1,activity_scaled,0.0223988443135643,0.0001576481488975,0.0104166666666666,0.0028612893782969,0.0371785411453997,2,192,2.504591496814888e-05,79.33591079468233,84.78036926028221,88.60018776035906,2.596456555245628,2.8281044800330637,3.0686642741616046,31301;31302,96,0.0025,3.0
H3_droop,H3,droop,0.0125,0.1,activity_scaled,0.0221016945483928,0.0001530194028366,0.0052083333333333,0.0009199911384848,0.0289074971567405,1,192,0.0006118159645998,78.89097799053938,84.23862687732667,87.76501623335743,2.5748877366485727,2.8017667478244865,3.032274404764705,31301;31302,96,0.0025,3.0
H3_lqr,H3,lqr,0.005,0.1,activity_scaled,0.0220834937722071,0.000153184445796,0.0052083333333333,0.0009199911384848,0.0289074971567405,1,192,0.0004930680167469,78.95847331793809,84.30939963809777,87.88260849067265,2.5777928496532017,2.804731630474459,3.036301896768345,31301;31302,96,0.0025,3.0
static,static,static,0.0,0.1,activity_scaled,0.0224518463542915,0.0001580850253999,0.0104166666666666,0.0028612893782969,0.0371785411453997,2,192,0.0,79.60171329481881,85.08756118336852,89.04314299444881,2.597915071965829,2.8294815793039665,3.0689431224111963,31301;31302,96,0.0025,3.0
H0_droop,H0,droop,0.0125,0.15,activity_scaled,0.0412795352981231,0.0003236613955518,0.2083333333333333,0.1568891506716369,0.2712196845339696,40,192,3.3780250839074025e-05,84.4997927574454,92.6169917189998,101.4445620983161,3.08350984740166,3.821648113245738,4.568744071257822,31301;31302,96,0.0025,3.0
H0_lqr,H0,lqr,0.00125,0.15,activity_scaled,0.0412864567079143,0.0003239187554511,0.2083333333333333,0.1568891506716369,0.2712196845339696,40,192,1.0461798582499869e-05,84.51576314605255,92.63430122315482,101.43892405402906,3.0845867619681155,3.829874651360373,4.569408404008543,31301;31302,96,0.0025,3.0
H1_droop,H1,droop,0.005,0.15,activity_scaled,0.0412909398813096,0.0003240384782143,0.2083333333333333,0.1568891506716369,0.2712196845339696,40,192,3.133126619774158e-06,84.52326177050068,92.65796831268888,101.45209079858826,3.087452516137209,3.8291657505386287,4.569991737839417,31301;31302,96,0.0025,3.0
H1_lqr,H1,lqr,0.00125,0.15,activity_scaled,0.0412929002872857,0.0003240641777276,0.2083333333333333,0.1568891506716369,0.2712196845339696,40,192,1.6285996159009878e-06,84.52312667856717,92.65795789937717,101.4519103826537,3.0871766445357856,3.829309081998368,4.570673142776782,31301;31302,96,0.0025,3.0
H2_droop,H2,droop,0.0125,0.15,activity_scaled,0.0412215442933524,0.0003230676458037,0.1822916666666666,0.1340928910214337,0.2429542330418163,35,192,0.0001304573290124,84.02942832292024,92.11361687996312,100.4715847753847,3.0813857496764703,3.8295801899186936,4.573143922117483,31301;31302,96,0.0025,3.0
H2_lqr,H2,lqr,0.0025,0.15,activity_scaled,0.041234003995464,0.0003235203310102,0.203125,0.1523009127908407,0.2655955801862946,39,192,3.2442430396777265e-05,84.31679989406278,92.38017242051876,101.00839478368948,3.084390148203385,3.829617530471783,4.571734522861897,31301;31302,96,0.0025,3.0
H3_droop,H3,droop,0.0125,0.15,activity_scaled,0.0407596681780977,0.0003142786649365,0.1666666666666666,0.1206020422912449,0.2258080550865911,32,192,0.0009917060920364,83.7639128273008,91.69243891857504,99.91638427813872,3.035535501574487,3.7413740540986535,4.465932992088914,31301;31302,96,0.0025,3.0
H3_lqr,H3,lqr,0.005,0.15,activity_scaled,0.0407306326690046,0.0003146056788828,0.1666666666666666,0.1206020422912449,0.2258080550865911,32,192,0.0008042054763557,83.85473310010926,91.78307680039008,100.0731949597762,3.041471304813148,3.751837560990689,4.477579892534318,31301;31302,96,0.0025,3.0
static,static,static,0.0,0.15,activity_scaled,0.0412965061353403,0.0003240979406679,0.2083333333333333,0.1568891506716369,0.2712196845339696,40,192,0.0,84.52371855236822,92.65834647197688,101.45200743755468,3.086421535678952,3.829831109925226,4.571386994634167,31301;31302,96,0.0025,3.0
H0_droop,H0,droop,0.0125,0.2,activity_scaled,0.0678431643215737,0.0005608170816336,0.515625,0.4453250022381808,0.5853120244472331,99,192,5.95991057480364e-05,90.2233778607202,101.7606011418332,113.98292693092648,4.045262758708594,5.093164956109439,6.212824375364091,31301;31302,96,0.0025,3.0
H0_lqr,H0,lqr,0.00125,0.2,activity_scaled,0.0678556190471913,0.0005612885231204,0.515625,0.4453250022381808,0.5853120244472331,99,192,1.8058438707740816e-05,90.2400713079672,101.78731906212968,113.975754705084,4.045254739534002,5.098076039562853,6.212850027239014,31301;31302,96,0.0025,3.0
H1_droop,H1,droop,0.005,0.2,activity_scaled,0.0678639010286736,0.0005615280006871,0.515625,0.4453250022381808,0.5853120244472331,99,192,5.547008054764362e-06,90.25479076632811,101.8232053784093,113.99597133281227,4.046126626668119,5.097130600490654,6.211868281679778,31301;31302,96,0.0025,3.0
H1_lqr,H1,lqr,0.00125,0.2,activity_scaled,0.0678673458674229,0.000561567317367,0.515625,0.4453250022381808,0.5853120244472331,99,192,2.7815106331816287e-06,90.25431964548751,101.82304823494616,113.99578511102366,4.045878009733946,5.097335389819616,6.212531588790455,31301;31302,96,0.0025,3.0
H2_droop,H2,droop,0.0125,0.2,activity_scaled,0.0677614914916043,0.0005594753375665,0.4895833333333333,0.419775516784411,0.5597997987586464,94,192,0.0001619397103394,89.83555238744074,100.99166558352752,112.67857383968638,4.054809657687869,5.101301287620252,6.205466905971146,31301;31302,96,0.0025,3.0
H2_lqr,H2,lqr,0.0025,0.2,activity_scaled,0.067789021931754,0.0005605011625786,0.5,0.4299729586753193,0.5700270413246806,96,192,4.278413215359511e-05,90.02323918699672,101.25800621135306,113.39651159207564,4.049747588758256,5.0993523954530975,6.209328278941386,31301;31302,96,0.0025,3.0
H3_droop,H3,droop,0.0125,0.2,activity_scaled,0.0670388443299063,0.0005436150064478,0.4791666666666667,0.4096078946077781,0.5495427364783367,92,192,0.0015236865866616,89.32335797927438,100.14265674448902,112.02616106626432,3.982909894723122,4.978742318890814,6.064182333332727,31301;31302,96,0.0025,3.0
H3_lqr,H3,lqr,0.005,0.2,activity_scaled,0.0669979959272221,0.0005443083137373,0.4791666666666667,0.4096078946077781,0.5495427364783367,92,192,0.0012399073714586,89.39990556576811,100.24382829259297,112.22511386005372,3.989995782811124,4.992746494796481,6.080182181684191,31301;31302,96,0.0025,3.0
static,static,static,0.0,0.2,activity_scaled,0.0678737268794304,0.0005616180047986,0.515625,0.4453250022381808,0.5853120244472331,99,192,0.0,90.25494502159556,101.82327728983516,113.99579304838092,4.045157948721528,5.097988534982636,6.212799686592255,31301;31302,96,0.0025,3.0
H0_droop,H0,droop,0.0125,0.1,homogeneous,0.0383758521464426,0.0001688093078585,0.046875,0.024854233439434,0.0866719926835618,9,192,6.211994838398478e-06,81.36315181389847,87.75401499780342,91.95852943734889,2.535328986391032,2.7635032002567503,2.890688263236605,31301;31302,96,0.0025,3.0
H0_lqr,H0,lqr,0.00125,0.1,homogeneous,0.0383773136648527,0.0001688287586128,0.046875,0.024854233439434,0.0866719926835618,9,192,2.7250097792521983e-06,81.36289840081439,87.7552846695562,91.9600742196528,2.5353273415859143,2.763501809911005,2.8906852324762022,31301;31302,96,0.0025,3.0
H1_droop,H1,droop,0.005,0.1,homogeneous,0.0383764866218294,0.0001688302652003,0.046875,0.024854233439434,0.0866719926835618,9,192,1.522097928351916e-06,81.36834957361076,87.76151058017514,91.96794383370477,2.5354248469738767,2.763738404291228,2.8907552592845223,31301;31302,96,0.0025,3.0
H1_lqr,H1,lqr,0.00125,0.1,homogeneous,0.038377422132753,0.0001688319742581,0.046875,0.024854233439434,0.0866719926835618,9,192,8.930336762203667e-07,81.368095296035,87.76153234447204,91.96650379362218,2.535290198102863,2.763544468656122,2.8906463943323124,31301;31302,96,0.0025,3.0
H2_droop,H2,droop,0.0125,0.1,homogeneous,0.0383133075995406,0.0001681170024611,0.03125,0.0143992822414776,0.0664899171961043,6,192,0.0001124402124794,80.78521147956582,86.89159303332856,91.0753514426836,2.53388809099512,2.761359995467597,2.888309543649097,31301;31302,96,0.0025,3.0
H2_lqr,H2,lqr,0.0025,0.1,homogeneous,0.038323704855291,0.0001683984089983,0.0416666666666666,0.0212618959467922,0.0800519879477323,8,192,2.654847091455316e-05,81.11321961215371,87.40748924984484,91.56662527829192,2.534280301818008,2.76227115994933,2.889354849559259,31301;31302,96,0.0025,3.0
H3_droop,H3,droop,0.0125,0.1,homogeneous,0.0380659164565304,0.0001661006492385,0.0260416666666666,0.0111736090161574,0.0595032481929532,5,192,0.0005952605518284,80.62750891025648,86.74159802300574,90.8938202279879,2.5192834154030948,2.7416660051981814,2.860212074555656,31301;31302,96,0.0025,3.0
H3_lqr,H3,lqr,0.005,0.1,homogeneous,0.0380606580581708,0.0001662268916713,0.0260416666666666,0.0111736090161574,0.0595032481929532,5,192,0.0004967944235294,80.70274365102274,86.84071591079181,91.00097325212565,2.521507108347598,2.7446168982754835,2.864128245490896,31301;31302,96,0.0025,3.0
static,static,static,0.0,0.1,homogeneous,0.0383790777636138,0.0001688435046217,0.046875,0.024854233439434,0.0866719926835618,9,192,0.0,81.36816804702664,87.76195887700374,91.96550676607262,2.535328370148749,2.763503351677011,2.890687411320428,31301;31302,96,0.0025,3.0
H0_droop,H0,droop,0.0125,0.15,homogeneous,0.0771426429832237,0.0003570917167955,0.328125,0.2656503115659986,0.3973423948944481,63,192,1.3320128679231546e-05,86.75624797753436,96.87845770458787,103.32428155081924,2.704276285054504,2.9743804310504016,3.2853481111601965,31301;31302,96,0.0025,3.0
H0_lqr,H0,lqr,0.00125,0.15,homogeneous,0.0771457690644097,0.0003571383872585,0.328125,0.2656503115659986,0.3973423948944481,63,192,5.183342223261538e-06,86.76102267359089,96.87715161664384,103.31975500660258,2.704286565279701,2.9743727702390625,3.2853803886621837,31301;31302,96,0.0025,3.0
H1_droop,H1,droop,0.005,0.15,homogeneous,0.0771439381742898,0.0003571572006204,0.328125,0.2656503115659986,0.3973423948944481,63,192,3.3855746670363423e-06,86.77390906401075,96.89368457332634,103.32695416747536,2.7037110215056943,2.9740671221930386,3.2856085768679466,31301;31302,96,0.0025,3.0
H1_lqr,H1,lqr,0.00125,0.15,homogeneous,0.0771459891232687,0.0003571587036398,0.328125,0.2656503115659986,0.3973423948944481,63,192,1.8233413619416332e-06,86.77444811914972,96.89332874489382,103.3271445156926,2.704157417291853,2.9741256377909697,3.2855050799085266,31301;31302,96,0.0025,3.0
H2_droop,H2,droop,0.0125,0.15,homogeneous,0.0770623982380542,0.0003557681619704,0.296875,0.2367473538307384,0.3649712992588804,57,192,0.0001396532563798,86.0971972747928,95.80233276472826,102.02941593501878,2.704194429573951,2.9713310560516555,3.279829778750008,31301;31302,96,0.0025,3.0
H2_lqr,H2,lqr,0.0025,0.15,homogeneous,0.0770804768254604,0.0003563665659055,0.3177083333333333,0.2559789136062338,0.3865891083972703,61,192,3.5579907783852774e-05,86.46661076653758,96.45378090014972,102.73377379516202,2.704393547839429,2.9728135390535466,3.282472010704027,31301;31302,96,0.0025,3.0
H3_droop,H3,droop,0.0125,0.15,homogeneous,0.0766915128945475,0.0003521298959023,0.2916666666666667,0.2319633907242192,0.3595429201369284,56,192,0.0009526769793979,85.891700942652,95.5828332616159,101.85402469348496,2.663046584552668,2.935495469419927,3.25572425718169,31301;31302,96,0.0025,3.0
H3_lqr,H3,lqr,0.005,0.15,homogeneous,0.0766921194243248,0.0003523930093675,0.2916666666666667,0.2319633907242192,0.3595429201369284,56,192,0.0008111526670955,85.98680572264078,95.6892738051353,102.00246670542572,2.666138560087763,2.9386794118278248,3.2586402933280088,31301;31302,96,0.0025,3.0
static,static,static,0.0,0.15,homogeneous,0.0771496753144536,0.0003571805261685,0.328125,0.2656503115659986,0.3973423948944481,63,192,0.0,86.77571410685988,96.89364741829776,103.32819299043786,2.704226819910052,2.974380605576521,3.28532351941407,31301;31302,96,0.0025,3.0
H0_droop,H0,droop,0.0125,0.2,homogeneous,0.1318541620888451,0.0006488014651581,0.6145833333333334,0.5441352941703701,0.6805362348559989,118,192,2.326470073344906e-05,92.59212154544213,107.321438343472,117.193503172777,3.1727812990963304,3.6482055051983777,4.305987969207707,31301;31302,96,0.0025,3.0
H0_lqr,H0,lqr,0.00125,0.2,homogeneous,0.131859686813107,0.0006489023186648,0.6145833333333334,0.5441352941703701,0.6805362348559989,118,192,8.624042361143042e-06,92.60334166705954,107.33170105627416,117.18776806172868,3.1727442271495656,3.648201214872732,4.306001287497748,31301;31302,96,0.0025,3.0
H1_droop,H1,droop,0.005,0.2,homogeneous,0.1318569707247182,0.000649047704277,0.6145833333333334,0.5441352941703701,0.6805362348559989,118,192,5.992456355777094e-06,92.61242921542328,107.34570745810676,117.19728046659668,3.170753830141724,3.645762810137119,4.305130881076435,31301;31302,96,0.0025,3.0
H1_lqr,H1,lqr,0.00125,0.2,homogeneous,0.1318605709751948,0.0006490404280351,0.6145833333333334,0.5441352941703701,0.6805362348559989,118,192,3.1252700366936168e-06,92.61190418202376,107.34501949427016,117.19768403767326,3.171840550135132,3.647482478503015,4.305813088456588,31301;31302,96,0.0025,3.0
H2_droop,H2,droop,0.0125,0.2,homogeneous,0.1316984189107739,0.0006388669296064,0.59375,0.5231014194080397,0.660720740704444,114,192,0.0001773306632368,91.93540811486592,106.08862730755888,115.41248425103886,3.166849531852957,3.636580853669008,4.307855044253876,31301;31302,96,0.0025,3.0
H2_lqr,H2,lqr,0.0025,0.2,homogeneous,0.1317547834618495,0.0006439339184522,0.6145833333333334,0.5441352941703701,0.6805362348559989,118,192,4.814759644116998e-05,92.31958496169312,106.73209631286672,116.39919227515864,3.1700370045313626,3.643968544736577,4.307254023839371,31301;31302,96,0.0025,3.0
H3_droop,H3,droop,0.0125,0.2,homogeneous,0.1311248027874828,0.000629204271125,0.578125,0.5074086558818907,0.6457764775451791,111,192,0.0014525848692246,91.75679950404678,105.50632614840654,115.21346092221326,3.11665650647086,3.589245799105692,4.242847580433045,31301;31302,96,0.0025,3.0
H3_lqr,H3,lqr,0.005,0.2,homogeneous,0.1311408868055375,0.0006305580569547,0.5833333333333334,0.5126317983630375,0.6507656772925035,112,192,0.0012508939164697,91.86628648536968,105.68495403612307,115.41185115045845,3.123172318087582,3.6007366863646064,4.246353750561416,31301;31302,96,0.0025,3.0
static,static,static,0.0,0.2,homogeneous,0.1318670991652442,0.0006490593788915,0.6145833333333334,0.5441352941703701,0.6805362348559989,118,192,0.0,92.61257428032418,107.34472440500625,117.19924163408828,3.172951261465056,3.649970851688951,4.306093050266608,31301;31302,96,0.0025,3.0
